0,-1.295
0.004,-1.31
0.008,-1.3
0.012,-1.3
0.016,-1.3
0.02,-1.3
0.024,-1.3
0.028,-1.295
0.032,-1.3
0.036,-1.3
0.04,-1.3
0.044,-1.3
0.048,-1.3
0.052,-1.29
0.056,-1.3
0.06,-1.3
0.064,-1.3
0.068,-1.3
0.072,-1.3
0.076,-1.3
0.08,-1.3
0.084,-1.3
0.088,-1.3
0.092,-1.3
0.096,-1.3
0.1,-1.3
0.104,-1.295
0.108,-1.3
0.112,-1.3
0.116,-1.3
0.12,-1.3
0.124,-1.29
0.128,-1.295
0.132,-1.3
0.136,-1.3
0.14,-1.3
0.144,-1.3
0.148,-1.3
0.152,-1.295
0.156,-1.295
0.16,-1.3
0.164,-1.295
0.168,-1.3
0.172,-1.315
0.176,-1.3
0.18,-1.295
0.184,-1.29
0.188,-1.29
0.192,-1.3
0.196,-1.3
0.2,-1.29
0.204,-1.265
0.208,-1.26
0.212,-1.26
0.216,-1.255
0.22,-1.245
0.224,-1.245
0.228,-1.24
0.232,-1.23
0.236,-1.23
0.24,-1.23
0.244,-1.25
0.248,-1.245
0.252,-1.245
0.256,-1.23
0.26,-1.245
0.264,-1.245
0.268,-1.245
0.272,-1.245
0.276,-1.255
0.28,-1.26
0.284,-1.265
0.288,-1.28
0.292,-1.28
0.296,-1.275
0.3,-1.28
0.304,-1.29
0.308,-1.3
0.312,-1.3
0.316,-1.315
0.32,-1.31
0.324,-1.31
0.328,-1.3
0.332,-1.305
0.336,-1.3
0.34,-1.325
0.344,-1.3
0.348,-1.31
0.352,-1.3
0.356,-1.3
0.36,-1.325
0.364,-1.3
0.368,-1.3
0.372,-1.3
0.376,-1.3
0.38,-1.305
0.384,-1.3
0.388,-1.325
0.392,-1.35
0.396,-1.37
0.4,-1.335
0.404,-1.2
0.408,-0.995
0.412,-0.73
0.416,-0.43
0.42,-0.175
0.424,-0.07
0.428,-0.155
0.432,-0.37
0.436,-0.595
0.44,-0.78
0.444,-0.865
0.448,-0.88
0.452,-0.915
0.456,-0.97
0.46,-1.055
0.464,-1.13
0.468,-1.205
0.472,-1.23
0.476,-1.26
0.48,-1.265
0.484,-1.28
0.488,-1.29
0.492,-1.3
0.496,-1.3
0.5,-1.3
0.504,-1.3
0.508,-1.325
0.512,-1.3
0.516,-1.3
0.52,-1.3
0.524,-1.3
0.528,-1.32
0.532,-1.31
0.536,-1.315
0.54,-1.315
0.544,-1.315
0.548,-1.32
0.552,-1.32
0.556,-1.315
0.56,-1.315
0.564,-1.32
0.568,-1.325
0.572,-1.32
0.576,-1.315
0.58,-1.32
0.584,-1.325
0.588,-1.315
0.592,-1.325
0.596,-1.32
0.6,-1.325
0.604,-1.325
0.608,-1.315
0.612,-1.315
0.616,-1.315
0.62,-1.31
0.624,-1.315
0.628,-1.31
0.632,-1.315
0.636,-1.325
0.64,-1.3
0.644,-1.3
0.648,-1.3
0.652,-1.3
0.656,-1.3
0.66,-1.3
0.664,-1.3
0.668,-1.295
0.672,-1.29
0.676,-1.295
0.68,-1.29
0.684,-1.29
0.688,-1.28
0.692,-1.28
0.696,-1.29
0.7,-1.27
0.704,-1.26
0.708,-1.26
0.712,-1.255
0.716,-1.23
0.72,-1.245
0.724,-1.25
0.728,-1.245
0.732,-1.23
0.736,-1.225
0.74,-1.23
0.744,-1.225
0.748,-1.225
0.752,-1.22
0.756,-1.215
0.76,-1.21
0.764,-1.205
0.768,-1.195
0.772,-1.195
0.776,-1.195
0.78,-1.195
0.784,-1.195
0.788,-1.205
0.792,-1.195
0.796,-1.205
0.8,-1.21
0.804,-1.22
0.808,-1.22
0.812,-1.225
0.816,-1.23
0.82,-1.23
0.824,-1.23
0.828,-1.23
0.832,-1.245
0.836,-1.245
0.84,-1.255
0.844,-1.26
0.848,-1.26
0.852,-1.265
0.856,-1.28
0.86,-1.265
0.864,-1.29
0.868,-1.28
0.872,-1.28
0.876,-1.285
0.88,-1.29
0.884,-1.305
0.888,-1.29
0.892,-1.29
0.896,-1.29
0.9,-1.29
0.904,-1.3
0.908,-1.3
0.912,-1.3
0.916,-1.29
0.92,-1.29
0.924,-1.3
0.928,-1.3
0.932,-1.3
0.936,-1.3
0.94,-1.3
0.944,-1.3
0.948,-1.3
0.952,-1.3
0.956,-1.3
0.96,-1.305
0.964,-1.3
0.968,-1.3
0.972,-1.3
0.976,-1.3
0.98,-1.3
0.984,-1.3
0.988,-1.3
0.992,-1.3
0.996,-1.29
1,-1.29
1.004,-1.29
1.008,-1.3
1.012,-1.3
1.016,-1.3
1.02,-1.3
1.024,-1.29
1.028,-1.3
1.032,-1.3
1.036,-1.29
1.04,-1.29
1.044,-1.295
1.048,-1.29
1.052,-1.3
1.056,-1.29
1.06,-1.295
1.064,-1.3
1.068,-1.3
1.072,-1.3
1.076,-1.3
1.08,-1.3
1.084,-1.3
1.088,-1.3
1.092,-1.3
1.096,-1.3
1.1,-1.3
1.104,-1.3
1.108,-1.3
1.112,-1.3
1.116,-1.305
1.12,-1.3
1.124,-1.3
1.128,-1.3
1.132,-1.295
1.136,-1.3
1.14,-1.3
1.144,-1.3
1.148,-1.3
1.152,-1.3
1.156,-1.3
1.16,-1.3
1.164,-1.3
1.168,-1.3
1.172,-1.3
1.176,-1.3
1.18,-1.3
1.184,-1.3
1.188,-1.3
1.192,-1.3
1.196,-1.3
1.2,-1.3
1.204,-1.3
1.208,-1.3
1.212,-1.3
1.216,-1.3
1.22,-1.315
1.224,-1.3
1.228,-1.3
1.232,-1.3
1.236,-1.3
1.24,-1.3
1.244,-1.3
1.248,-1.3
1.252,-1.3
1.256,-1.3
1.26,-1.31
1.264,-1.305
1.268,-1.3
1.272,-1.305
1.276,-1.3
1.28,-1.3
1.284,-1.3
1.288,-1.3
1.292,-1.3
1.296,-1.3
1.3,-1.3
1.304,-1.3
1.308,-1.3
1.312,-1.3
1.316,-1.3
1.32,-1.295
1.324,-1.28
1.328,-1.265
1.332,-1.265
1.336,-1.26
1.34,-1.255
1.344,-1.26
1.348,-1.245
1.352,-1.245
1.356,-1.245
1.36,-1.245
1.364,-1.26
1.368,-1.255
1.372,-1.255
1.376,-1.245
1.38,-1.26
1.384,-1.255
1.388,-1.265
1.392,-1.26
1.396,-1.265
1.4,-1.27
1.404,-1.29
1.408,-1.3
1.412,-1.29
1.416,-1.29
1.42,-1.29
1.424,-1.3
1.428,-1.315
1.432,-1.325
1.436,-1.335
1.44,-1.335
1.444,-1.335
1.448,-1.335
1.452,-1.32
1.456,-1.33
1.46,-1.325
1.464,-1.325
1.468,-1.32
1.472,-1.325
1.476,-1.325
1.48,-1.325
1.484,-1.32
1.488,-1.32
1.492,-1.315
1.496,-1.325
1.5,-1.32
1.504,-1.325
1.508,-1.345
1.512,-1.385
1.516,-1.42
1.52,-1.36
1.524,-1.23
1.528,-1.02
1.532,-0.76
1.536,-0.47
1.54,-0.22
1.544,-0.085
1.548,-0.135
1.552,-0.315
1.556,-0.54
1.56,-0.72
1.564,-0.835
1.568,-0.875
1.572,-0.9
1.576,-0.95
1.58,-1.05
1.584,-1.135
1.588,-1.21
1.592,-1.255
1.596,-1.29
1.6,-1.285
1.604,-1.3
1.608,-1.3
1.612,-1.31
1.616,-1.33
1.62,-1.32
1.624,-1.33
1.628,-1.32
1.632,-1.33
1.636,-1.32
1.64,-1.325
1.644,-1.33
1.648,-1.335
1.652,-1.335
1.656,-1.335
1.66,-1.335
1.664,-1.34
1.668,-1.335
1.672,-1.325
1.676,-1.335
1.68,-1.34
1.684,-1.335
1.688,-1.335
1.692,-1.335
1.696,-1.33
1.7,-1.335
1.704,-1.335
1.708,-1.335
1.712,-1.335
1.716,-1.335
1.72,-1.335
1.724,-1.335
1.728,-1.335
1.732,-1.335
1.736,-1.335
1.74,-1.335
1.744,-1.36
1.748,-1.335
1.752,-1.335
1.756,-1.325
1.76,-1.335
1.764,-1.345
1.768,-1.33
1.772,-1.335
1.776,-1.335
1.78,-1.335
1.784,-1.335
1.788,-1.325
1.792,-1.315
1.796,-1.315
1.8,-1.315
1.804,-1.31
1.808,-1.3
1.812,-1.3
1.816,-1.3
1.82,-1.29
1.824,-1.28
1.828,-1.285
1.832,-1.28
1.836,-1.265
1.84,-1.265
1.844,-1.265
1.848,-1.26
1.852,-1.26
1.856,-1.25
1.86,-1.245
1.864,-1.23
1.868,-1.23
1.872,-1.235
1.876,-1.225
1.88,-1.225
1.884,-1.225
1.888,-1.22
1.892,-1.22
1.896,-1.215
1.9,-1.215
1.904,-1.22
1.908,-1.215
1.912,-1.195
1.916,-1.225
1.92,-1.225
1.924,-1.225
1.928,-1.23
1.932,-1.225
1.936,-1.245
1.94,-1.245
1.944,-1.255
1.948,-1.255
1.952,-1.26
1.956,-1.26
1.96,-1.265
1.964,-1.265
1.968,-1.265
1.972,-1.285
1.976,-1.28
1.98,-1.28
1.984,-1.28
1.988,-1.295
1.992,-1.3
1.996,-1.3
2,-1.295
2.004,-1.295
2.008,-1.295
2.012,-1.29
2.016,-1.3
2.02,-1.3
2.024,-1.3
2.028,-1.3
2.032,-1.3
2.036,-1.3
2.04,-1.315
2.044,-1.31
2.048,-1.315
2.052,-1.3
2.056,-1.3
2.06,-1.305
2.064,-1.3
2.068,-1.305
2.072,-1.3
2.076,-1.3
2.08,-1.3
2.084,-1.315
2.088,-1.315
2.092,-1.315
2.096,-1.315
2.1,-1.335
2.104,-1.305
2.108,-1.3
2.112,-1.3
2.116,-1.3
2.12,-1.325
2.124,-1.3
2.128,-1.3
2.132,-1.3
2.136,-1.3
2.14,-1.315
2.144,-1.3
2.148,-1.315
2.152,-1.315
2.156,-1.315
2.16,-1.315
2.164,-1.3
2.168,-1.315
2.172,-1.315
2.176,-1.315
2.18,-1.315
2.184,-1.325
2.188,-1.315
2.192,-1.315
2.196,-1.31
2.2,-1.3
2.204,-1.315
2.208,-1.32
2.212,-1.325
2.216,-1.33
2.22,-1.32
2.224,-1.32
2.228,-1.315
2.232,-1.325
2.236,-1.32
2.24,-1.315
2.244,-1.315
2.248,-1.315
2.252,-1.315
2.256,-1.315
2.26,-1.315
2.264,-1.32
2.268,-1.335
2.272,-1.32
2.276,-1.32
2.28,-1.315
2.284,-1.315
2.288,-1.33
2.292,-1.305
2.296,-1.315
2.3,-1.315
2.304,-1.32
2.308,-1.325
2.312,-1.325
2.316,-1.32
2.32,-1.32
2.324,-1.315
2.328,-1.32
2.332,-1.32
2.336,-1.315
2.34,-1.31
2.344,-1.305
2.348,-1.31
2.352,-1.315
2.356,-1.32
2.36,-1.325
2.364,-1.32
2.368,-1.315
2.372,-1.31
2.376,-1.3
2.38,-1.3
2.384,-1.3
2.388,-1.31
2.392,-1.315
2.396,-1.32
2.4,-1.31
2.404,-1.315
2.408,-1.3
2.412,-1.305
2.416,-1.3
2.42,-1.295
2.424,-1.275
2.428,-1.265
2.432,-1.26
2.436,-1.255
2.44,-1.255
2.444,-1.255
2.448,-1.255
2.452,-1.255
2.456,-1.265
2.46,-1.255
2.464,-1.245
2.468,-1.245
2.472,-1.245
2.476,-1.23
2.48,-1.26
2.484,-1.265
2.488,-1.265
2.492,-1.265
2.496,-1.28
2.5,-1.285
2.504,-1.29
2.508,-1.29
2.512,-1.3
2.516,-1.305
2.52,-1.325
2.524,-1.335
2.528,-1.335
2.532,-1.335
2.536,-1.32
2.54,-1.32
2.544,-1.325
2.548,-1.325
2.552,-1.325
2.556,-1.325
2.56,-1.335
2.564,-1.325
2.568,-1.335
2.572,-1.335
2.576,-1.33
2.58,-1.33
2.584,-1.32
2.588,-1.315
2.592,-1.315
2.596,-1.32
2.6,-1.335
2.604,-1.36
2.608,-1.405
2.612,-1.405
2.616,-1.325
2.62,-1.165
2.624,-0.915
2.628,-0.63
2.632,-0.33
2.636,-0.085
2.64,-0.01
2.644,-0.105
2.648,-0.3
2.652,-0.49
2.656,-0.645
2.66,-0.73
2.664,-0.79
2.668,-0.88
2.672,-0.97
2.676,-1.065
2.68,-1.145
2.684,-1.21
2.688,-1.245
2.692,-1.26
2.696,-1.28
2.7,-1.3
2.704,-1.3
2.708,-1.305
2.712,-1.315
2.716,-1.32
2.72,-1.33
2.724,-1.325
2.728,-1.335
2.732,-1.33
2.736,-1.33
2.74,-1.325
2.744,-1.32
2.748,-1.335
2.752,-1.33
2.756,-1.32
2.76,-1.32
2.764,-1.335
2.768,-1.335
2.772,-1.335
2.776,-1.335
2.78,-1.335
2.784,-1.325
2.788,-1.33
2.792,-1.335
2.796,-1.335
2.8,-1.335
2.804,-1.325
2.808,-1.335
2.812,-1.34
2.816,-1.335
2.82,-1.335
2.824,-1.335
2.828,-1.34
2.832,-1.335
2.836,-1.335
2.84,-1.335
2.844,-1.335
2.848,-1.335
2.852,-1.34
2.856,-1.335
2.86,-1.335
2.864,-1.325
2.868,-1.32
2.872,-1.325
2.876,-1.32
2.88,-1.32
2.884,-1.32
2.888,-1.315
2.892,-1.3
2.896,-1.3
2.9,-1.3
2.904,-1.3
2.908,-1.295
2.912,-1.29
2.916,-1.29
2.92,-1.29
2.924,-1.265
2.928,-1.26
2.932,-1.26
2.936,-1.255
2.94,-1.255
2.944,-1.255
2.948,-1.25
2.952,-1.245
2.956,-1.23
2.96,-1.225
2.964,-1.22
2.968,-1.22
2.972,-1.22
2.976,-1.22
2.98,-1.195
2.984,-1.215
2.988,-1.21
2.992,-1.21
2.996,-1.205
3,-1.19
3.004,-1.21
3.008,-1.215
3.012,-1.22
3.016,-1.22
3.02,-1.22
3.024,-1.23
3.028,-1.23
3.032,-1.245
3.036,-1.245
3.04,-1.255
3.044,-1.255
3.048,-1.26
3.052,-1.26
3.056,-1.26
3.06,-1.26
3.064,-1.26
3.068,-1.265
3.072,-1.265
3.076,-1.28
3.08,-1.28
3.084,-1.28
3.088,-1.28
3.092,-1.275
3.096,-1.29
3.1,-1.29
3.104,-1.3
3.108,-1.29
3.112,-1.3
3.116,-1.295
3.12,-1.3
3.124,-1.3
3.128,-1.3
3.132,-1.3
3.136,-1.3
3.14,-1.3
3.144,-1.3
3.148,-1.315
3.152,-1.3
3.156,-1.3
3.16,-1.3
3.164,-1.3
3.168,-1.32
3.172,-1.3
3.176,-1.3
3.18,-1.3
3.184,-1.3
3.188,-1.315
3.192,-1.3
3.196,-1.315
3.2,-1.3
3.204,-1.31
3.208,-1.3
3.212,-1.3
3.216,-1.3
3.22,-1.31
3.224,-1.3
3.228,-1.3
3.232,-1.3
3.236,-1.3
3.24,-1.3
3.244,-1.3
3.248,-1.3
3.252,-1.31
3.256,-1.315
3.26,-1.3
3.264,-1.3
3.268,-1.3
3.272,-1.3
3.276,-1.315
3.28,-1.3
3.284,-1.3
3.288,-1.3
3.292,-1.3
3.296,-1.3
3.3,-1.3
3.304,-1.3
3.308,-1.3
3.312,-1.3
3.316,-1.31
3.32,-1.3
3.324,-1.3
3.328,-1.3
3.332,-1.3
3.336,-1.325
3.34,-1.3
3.344,-1.3
3.348,-1.3
3.352,-1.3
3.356,-1.315
3.36,-1.3
3.364,-1.3
3.368,-1.3
3.372,-1.3
3.376,-1.3
3.38,-1.3
3.384,-1.3
3.388,-1.3
3.392,-1.3
3.396,-1.3
3.4,-1.3
3.404,-1.3
3.408,-1.3
3.412,-1.305
3.416,-1.3
3.42,-1.3
3.424,-1.3
3.428,-1.3
3.432,-1.3
3.436,-1.3
3.44,-1.3
3.444,-1.3
3.448,-1.3
3.452,-1.3
3.456,-1.3
3.46,-1.3
3.464,-1.3
3.468,-1.3
3.472,-1.3
3.476,-1.3
3.48,-1.3
3.484,-1.3
3.488,-1.3
3.492,-1.3
3.496,-1.3
3.5,-1.3
3.504,-1.3
3.508,-1.28
3.512,-1.265
3.516,-1.26
3.52,-1.255
3.524,-1.235
3.528,-1.245
3.532,-1.245
3.536,-1.245
3.54,-1.23
3.544,-1.23
3.548,-1.25
3.552,-1.245
3.556,-1.245
3.56,-1.245
3.564,-1.25
3.568,-1.245
3.572,-1.245
3.576,-1.255
3.58,-1.255
3.584,-1.255
3.588,-1.26
3.592,-1.27
3.596,-1.28
3.6,-1.28
3.604,-1.295
3.608,-1.3
3.612,-1.3
3.616,-1.315
3.62,-1.315
3.624,-1.325
3.628,-1.32
3.632,-1.315
3.636,-1.315
3.64,-1.325
3.644,-1.315
3.648,-1.32
3.652,-1.32
3.656,-1.325
3.66,-1.32
3.664,-1.315
3.668,-1.32
3.672,-1.335
3.676,-1.3
3.68,-1.3
3.684,-1.305
3.688,-1.305
3.692,-1.335
3.696,-1.35
3.7,-1.375
3.704,-1.37
3.708,-1.28
3.712,-1.095
3.716,-0.84
3.72,-0.555
3.724,-0.27
3.728,-0.075
3.732,-0.01
3.736,-0.13
3.74,-0.33
3.744,-0.535
3.748,-0.72
3.752,-0.805
3.756,-0.84
3.76,-0.895
3.764,-0.98
3.768,-1.065
3.772,-1.155
3.776,-1.22
3.78,-1.245
3.784,-1.265
3.788,-1.265
3.792,-1.28
3.796,-1.295
3.8,-1.315
3.804,-1.3
3.808,-1.31
3.812,-1.31
3.816,-1.3
3.82,-1.3
3.824,-1.3
3.828,-1.31
3.832,-1.3
3.836,-1.3
3.84,-1.3
3.844,-1.305
3.848,-1.3
3.852,-1.3
3.856,-1.3
3.86,-1.325
3.864,-1.305
3.868,-1.315
3.872,-1.3
3.876,-1.31
3.88,-1.325
3.884,-1.3
3.888,-1.305
3.892,-1.3
3.896,-1.3
3.9,-1.315
3.904,-1.3
3.908,-1.31
3.912,-1.3
3.916,-1.305
3.92,-1.305
3.924,-1.3
3.928,-1.31
3.932,-1.305
3.936,-1.3
3.94,-1.3
3.944,-1.3
3.948,-1.3
3.952,-1.3
3.956,-1.3
3.96,-1.3
3.964,-1.3
3.968,-1.29
3.972,-1.28
3.976,-1.28
3.98,-1.28
3.984,-1.28
3.988,-1.265
3.992,-1.265
3.996,-1.26
4,-1.26
4.004,-1.26
4.008,-1.245
4.012,-1.245
4.016,-1.235
4.02,-1.245
4.024,-1.23
4.028,-1.215
4.032,-1.225
4.036,-1.22
4.04,-1.22
4.044,-1.21
4.048,-1.19
4.052,-1.21
4.056,-1.195
4.06,-1.195
4.064,-1.19
4.068,-1.19
4.072,-1.19
4.076,-1.18
4.08,-1.19
4.084,-1.18
4.088,-1.19
4.092,-1.19
4.096,-1.19
4.1,-1.195
4.104,-1.195
4.108,-1.2
4.112,-1.21
4.116,-1.22
4.12,-1.23
4.124,-1.225
4.128,-1.235
4.132,-1.235
4.136,-1.23
4.14,-1.24
4.144,-1.25
4.148,-1.26
4.152,-1.255
4.156,-1.255
4.16,-1.26
4.164,-1.26
4.168,-1.26
4.172,-1.265
4.176,-1.28
4.18,-1.28
4.184,-1.28
4.188,-1.29
4.192,-1.29
4.196,-1.3
4.2,-1.3
4.204,-1.3
4.208,-1.3
4.212,-1.3
4.216,-1.32
4.22,-1.3
4.224,-1.3
4.228,-1.3
4.232,-1.3
4.236,-1.315
4.24,-1.315
4.244,-1.315
4.248,-1.31
4.252,-1.315
4.256,-1.315
4.26,-1.32
4.264,-1.315
4.268,-1.315
4.272,-1.315
4.276,-1.31
4.28,-1.315
4.284,-1.31
4.288,-1.3
4.292,-1.305
4.296,-1.315
4.3,-1.315
4.304,-1.32
4.308,-1.305
4.312,-1.315
4.316,-1.31
4.32,-1.315
4.324,-1.315
4.328,-1.315
4.332,-1.315
4.336,-1.315
4.34,-1.32
4.344,-1.3
4.348,-1.3
4.352,-1.315
4.356,-1.315
4.36,-1.315
4.364,-1.315
4.368,-1.315
4.372,-1.315
4.376,-1.3
4.38,-1.31
4.384,-1.335
4.388,-1.32
4.392,-1.315
4.396,-1.315
4.4,-1.315
4.404,-1.325
4.408,-1.3
4.412,-1.315
4.416,-1.32
4.42,-1.32
4.424,-1.325
4.428,-1.32
4.432,-1.315
4.436,-1.31
4.44,-1.315
4.444,-1.315
4.448,-1.315
4.452,-1.315
4.456,-1.315
4.46,-1.31
4.464,-1.315
4.468,-1.315
4.472,-1.305
4.476,-1.315
4.48,-1.315
4.484,-1.315
4.488,-1.315
4.492,-1.31
4.496,-1.31
4.5,-1.305
4.504,-1.3
4.508,-1.315
4.512,-1.315
4.516,-1.32
4.52,-1.315
4.524,-1.315
4.528,-1.315
4.532,-1.315
4.536,-1.325
4.54,-1.315
4.544,-1.315
4.548,-1.32
4.552,-1.335
4.556,-1.315
4.56,-1.3
4.564,-1.3
4.568,-1.3
4.572,-1.325
4.576,-1.315
4.58,-1.32
4.584,-1.315
4.588,-1.3
4.592,-1.31
4.596,-1.31
4.6,-1.3
4.604,-1.3
4.608,-1.295
4.612,-1.295
4.616,-1.265
4.62,-1.26
4.624,-1.26
4.628,-1.26
4.632,-1.255
4.636,-1.255
4.64,-1.245
4.644,-1.255
4.648,-1.255
4.652,-1.255
4.656,-1.25
4.66,-1.25
4.664,-1.255
4.668,-1.255
4.672,-1.255
4.676,-1.26
4.68,-1.27
4.684,-1.265
4.688,-1.265
4.692,-1.275
4.696,-1.29
4.7,-1.29
4.704,-1.295
4.708,-1.3
4.712,-1.3
4.716,-1.315
4.72,-1.32
4.724,-1.32
4.728,-1.32
4.732,-1.32
4.736,-1.32
4.74,-1.335
4.744,-1.325
4.748,-1.325
4.752,-1.32
4.756,-1.32
4.76,-1.335
4.764,-1.32
4.768,-1.315
4.772,-1.315
4.776,-1.315
4.78,-1.315
4.784,-1.3
4.788,-1.315
4.792,-1.335
4.796,-1.37
4.8,-1.385
4.804,-1.35
4.808,-1.245
4.812,-1.04
4.816,-0.77
4.82,-0.485
4.824,-0.235
4.828,-0.105
4.832,-0.13
4.836,-0.31
4.84,-0.535
4.844,-0.73
4.848,-0.85
4.852,-0.895
4.856,-0.915
4.86,-0.99
4.864,-1.065
4.868,-1.15
4.872,-1.22
4.876,-1.255
4.88,-1.265
4.884,-1.285
4.888,-1.29
4.892,-1.3
4.896,-1.3
4.9,-1.305
4.904,-1.315
4.908,-1.335
4.912,-1.315
4.916,-1.315
4.92,-1.325
4.924,-1.315
4.928,-1.335
4.932,-1.315
4.936,-1.315
4.94,-1.315
4.944,-1.32
4.948,-1.325
4.952,-1.325
4.956,-1.315
4.96,-1.315
4.964,-1.32
4.968,-1.325
4.972,-1.32
4.976,-1.32
4.98,-1.315
4.984,-1.325
4.988,-1.315
4.992,-1.315
4.996,-1.315
5,-1.325
5.004,-1.315
5.008,-1.32
5.012,-1.315
5.016,-1.315
5.02,-1.31
5.024,-1.315
5.028,-1.32
5.032,-1.325
5.036,-1.315
5.04,-1.315
5.044,-1.315
5.048,-1.3
5.052,-1.31
5.056,-1.3
5.06,-1.3
5.064,-1.3
5.068,-1.3
5.072,-1.3
5.076,-1.3
5.08,-1.29
5.084,-1.29
5.088,-1.29
5.092,-1.28
5.096,-1.3
5.1,-1.28
5.104,-1.275
5.108,-1.27
5.112,-1.26
5.116,-1.26
5.12,-1.255
5.124,-1.255
5.128,-1.255
5.132,-1.255
5.136,-1.235
5.14,-1.24
5.144,-1.23
5.148,-1.23
5.152,-1.225
5.156,-1.225
5.16,-1.225
5.164,-1.22
5.168,-1.22
5.172,-1.215
5.176,-1.215
5.18,-1.21
5.184,-1.21
5.188,-1.215
5.192,-1.21
5.196,-1.22
5.2,-1.215
5.204,-1.22
5.208,-1.225
5.212,-1.225
5.216,-1.23
5.22,-1.24
5.224,-1.24
5.228,-1.245
5.232,-1.245
5.236,-1.245
5.24,-1.255
5.244,-1.255
5.248,-1.26
5.252,-1.26
5.256,-1.275
5.26,-1.265
5.264,-1.29
5.268,-1.275
5.272,-1.275
5.276,-1.28
5.28,-1.285
5.284,-1.3
5.288,-1.29
5.292,-1.29
5.296,-1.29
5.3,-1.295
5.304,-1.3
5.308,-1.3
5.312,-1.3
5.316,-1.305
5.32,-1.3
5.324,-1.3
5.328,-1.3
5.332,-1.31
5.336,-1.3
5.34,-1.315
5.344,-1.31
5.348,-1.3
5.352,-1.3
5.356,-1.3
5.36,-1.3
5.364,-1.3
5.368,-1.305
5.372,-1.3
5.376,-1.305
5.38,-1.305
5.384,-1.3
5.388,-1.3
5.392,-1.3
5.396,-1.3
5.4,-1.3
5.404,-1.3
5.408,-1.3
5.412,-1.3
5.416,-1.3
5.42,-1.3
5.424,-1.3
5.428,-1.3
5.432,-1.315
5.436,-1.3
5.44,-1.3
5.444,-1.3
5.448,-1.3
5.452,-1.31
5.456,-1.3
5.46,-1.3
5.464,-1.3
5.468,-1.305
5.472,-1.3
5.476,-1.305
5.48,-1.3
5.484,-1.3
5.488,-1.3
5.492,-1.3
5.496,-1.3
5.5,-1.3
5.504,-1.3
5.508,-1.3
5.512,-1.3
5.516,-1.3
5.52,-1.3
5.524,-1.3
5.528,-1.3
5.532,-1.3
5.536,-1.3
5.54,-1.3
5.544,-1.29
5.548,-1.29
5.552,-1.295
5.556,-1.3
5.56,-1.3
5.564,-1.3
5.568,-1.3
5.572,-1.29
5.576,-1.3
5.58,-1.29
5.584,-1.29
5.588,-1.295
5.592,-1.29
5.596,-1.29
5.6,-1.29
5.604,-1.295
5.608,-1.29
5.612,-1.29
5.616,-1.29
5.62,-1.3
5.624,-1.29
5.628,-1.29
5.632,-1.28
5.636,-1.295
5.64,-1.3
5.644,-1.29
5.648,-1.29
5.652,-1.29
5.656,-1.29
5.66,-1.29
5.664,-1.285
5.668,-1.295
5.672,-1.29
5.676,-1.295
5.68,-1.29
5.684,-1.295
5.688,-1.29
5.692,-1.29
5.696,-1.29
5.7,-1.28
5.704,-1.29
5.708,-1.29
5.712,-1.285
5.716,-1.28
5.72,-1.265
5.724,-1.26
5.728,-1.255
5.732,-1.245
5.736,-1.25
5.74,-1.245
5.744,-1.23
5.748,-1.23
5.752,-1.225
5.756,-1.225
5.76,-1.23
5.764,-1.235
5.768,-1.23
5.772,-1.23
5.776,-1.23
5.78,-1.24
5.784,-1.23
5.788,-1.22
5.792,-1.245
5.796,-1.25
5.8,-1.255
5.804,-1.255
5.808,-1.28
5.812,-1.265
5.816,-1.26
5.82,-1.28
5.824,-1.285
5.828,-1.3
5.832,-1.3
5.836,-1.3
5.84,-1.3
5.844,-1.3
5.848,-1.3
5.852,-1.3
5.856,-1.3
5.86,-1.305
5.864,-1.3
5.868,-1.3
5.872,-1.3
5.876,-1.305
5.88,-1.3
5.884,-1.29
5.888,-1.3
5.892,-1.3
5.896,-1.3
5.9,-1.3
5.904,-1.3
5.908,-1.32
5.912,-1.355
5.916,-1.375
5.92,-1.36
5.924,-1.265
5.928,-1.09
5.932,-0.825
5.936,-0.53
5.94,-0.265
5.944,-0.11
5.948,-0.145
5.952,-0.315
5.956,-0.52
5.96,-0.715
5.964,-0.81
5.968,-0.855
5.972,-0.895
5.976,-0.95
5.98,-1.045
5.984,-1.125
5.988,-1.2
5.992,-1.23
5.996,-1.255
6,-1.26
6.004,-1.265
6.008,-1.28
6.012,-1.29
6.016,-1.3
6.02,-1.3
6.024,-1.3
6.028,-1.3
6.032,-1.3
6.036,-1.305
6.04,-1.3
6.044,-1.3
6.048,-1.3
6.052,-1.3
6.056,-1.3
6.06,-1.3
6.064,-1.3
6.068,-1.3
6.072,-1.3
6.076,-1.305
6.08,-1.3
6.084,-1.325
6.088,-1.31
6.092,-1.305
6.096,-1.3
6.1,-1.3
6.104,-1.3
6.108,-1.3
6.112,-1.305
6.116,-1.3
6.12,-1.3
6.124,-1.3
6.128,-1.3
6.132,-1.3
6.136,-1.3
6.14,-1.3
6.144,-1.325
6.148,-1.3
6.152,-1.3
6.156,-1.3
6.16,-1.3
6.164,-1.3
6.168,-1.3
6.172,-1.3
6.176,-1.3
6.18,-1.3
6.184,-1.3
6.188,-1.29
6.192,-1.29
6.196,-1.29
6.2,-1.29
6.204,-1.29
6.208,-1.28
6.212,-1.26
6.216,-1.26
6.22,-1.26
6.224,-1.255
6.228,-1.26
6.232,-1.255
6.236,-1.255
6.24,-1.245
6.244,-1.23
6.248,-1.225
6.252,-1.225
6.256,-1.225
6.26,-1.22
6.264,-1.225
6.268,-1.22
6.272,-1.21
6.276,-1.21
6.28,-1.195
6.284,-1.195
6.288,-1.19
6.292,-1.19
6.296,-1.195
6.3,-1.2
6.304,-1.195
6.308,-1.19
6.312,-1.18
6.316,-1.195
6.32,-1.195
6.324,-1.215
6.328,-1.21
6.332,-1.195
6.336,-1.215
6.34,-1.22
6.344,-1.225
6.348,-1.225
6.352,-1.23
6.356,-1.24
6.36,-1.245
6.364,-1.25
6.368,-1.255
6.372,-1.26
6.376,-1.255
6.38,-1.255
6.384,-1.26
6.388,-1.255
6.392,-1.255
6.396,-1.255
6.4,-1.26
6.404,-1.26
6.408,-1.265
6.412,-1.26
6.416,-1.265
6.42,-1.285
6.424,-1.28
6.428,-1.28
6.432,-1.265
6.436,-1.285
6.44,-1.29
6.444,-1.28
6.448,-1.28
6.452,-1.265
6.456,-1.265
6.46,-1.265
6.464,-1.265
6.468,-1.265
6.472,-1.265
6.476,-1.28
6.48,-1.29
6.484,-1.295
6.488,-1.29
6.492,-1.28
6.496,-1.285
6.5,-1.3
6.504,-1.275
6.508,-1.28
6.512,-1.28
6.516,-1.285
6.52,-1.28
6.524,-1.265
6.528,-1.265
6.532,-1.265
6.536,-1.28
6.54,-1.285
6.544,-1.28
6.548,-1.28
6.552,-1.28
6.556,-1.28
6.56,-1.29
6.564,-1.295
6.568,-1.29
6.572,-1.29
6.576,-1.29
6.58,-1.295
6.584,-1.29
6.588,-1.29
6.592,-1.29
6.596,-1.295
6.6,-1.28
6.604,-1.285
6.608,-1.28
6.612,-1.275
6.616,-1.275
6.62,-1.28
6.624,-1.28
6.628,-1.285
6.632,-1.29
6.636,-1.29
6.64,-1.285
6.644,-1.295
6.648,-1.29
6.652,-1.285
6.656,-1.29
6.66,-1.295
6.664,-1.29
6.668,-1.3
6.672,-1.28
6.676,-1.28
6.68,-1.265
6.684,-1.28
6.688,-1.29
6.692,-1.29
6.696,-1.29
6.7,-1.29
6.704,-1.285
6.708,-1.295
6.712,-1.29
6.716,-1.29
6.72,-1.285
6.724,-1.28
6.728,-1.29
6.732,-1.285
6.736,-1.28
6.74,-1.285
6.744,-1.29
6.748,-1.285
6.752,-1.29
6.756,-1.295
6.76,-1.29
6.764,-1.29
6.768,-1.285
6.772,-1.285
6.776,-1.28
6.78,-1.29
6.784,-1.29
6.788,-1.295
6.792,-1.29
6.796,-1.28
6.8,-1.28
6.804,-1.27
6.808,-1.27
6.812,-1.285
6.816,-1.28
6.82,-1.28
6.824,-1.28
6.828,-1.265
6.832,-1.28
6.836,-1.3
6.84,-1.28
6.844,-1.28
6.848,-1.265
6.852,-1.265
6.856,-1.24
6.86,-1.245
6.864,-1.23
6.868,-1.235
6.872,-1.225
6.876,-1.225
6.88,-1.225
6.884,-1.22
6.888,-1.225
6.892,-1.225
6.896,-1.22
6.9,-1.22
6.904,-1.225
6.908,-1.23
6.912,-1.245
6.916,-1.25
6.92,-1.245
6.924,-1.255
6.928,-1.26
6.932,-1.27
6.936,-1.265
6.94,-1.265
6.944,-1.265
6.948,-1.28
6.952,-1.29
6.956,-1.285
6.96,-1.29
6.964,-1.3
6.968,-1.3
6.972,-1.305
6.976,-1.3
6.98,-1.3
6.984,-1.3
6.988,-1.3
6.992,-1.3
6.996,-1.3
7,-1.3
7.004,-1.3
7.008,-1.3
7.012,-1.3
7.016,-1.3
7.02,-1.3
7.024,-1.31
7.028,-1.3
7.032,-1.325
7.036,-1.35
7.04,-1.375
7.044,-1.365
7.048,-1.245
7.052,-1.025
7.056,-0.735
7.06,-0.44
7.064,-0.155
7.068,-0.005
7.072,-0.015
7.076,-0.175
7.08,-0.38
7.084,-0.565
7.088,-0.685
7.092,-0.75
7.096,-0.8
7.1,-0.89
7.104,-0.995
7.108,-1.085
7.112,-1.16
7.116,-1.215
7.12,-1.23
7.124,-1.255
7.128,-1.265
7.132,-1.28
7.136,-1.29
7.14,-1.29
7.144,-1.3
7.148,-1.3
7.152,-1.3
7.156,-1.3
7.16,-1.3
7.164,-1.3
7.168,-1.3
7.172,-1.3
7.176,-1.305
7.18,-1.31
7.184,-1.3
7.188,-1.31
7.192,-1.325
7.196,-1.3
7.2,-1.305
7.204,-1.3
7.208,-1.3
7.212,-1.32
7.216,-1.305
7.22,-1.3
7.224,-1.3
7.228,-1.305
7.232,-1.315
7.236,-1.315
7.24,-1.325
7.244,-1.315
7.248,-1.315
7.252,-1.32
7.256,-1.315
7.26,-1.305
7.264,-1.305
7.268,-1.305
7.272,-1.31
7.276,-1.315
7.28,-1.315
7.284,-1.315
7.288,-1.3
7.292,-1.305
7.296,-1.3
7.3,-1.3
7.304,-1.3
7.308,-1.3
7.312,-1.3
7.316,-1.3
7.32,-1.295
7.324,-1.29
7.328,-1.285
7.332,-1.28
7.336,-1.28
7.34,-1.28
7.344,-1.265
7.348,-1.265
7.352,-1.26
7.356,-1.255
7.36,-1.26
7.364,-1.245
7.368,-1.245
7.372,-1.245
7.376,-1.23
7.38,-1.21
7.384,-1.22
7.388,-1.22
7.392,-1.21
7.396,-1.21
7.4,-1.2
7.404,-1.2
7.408,-1.195
7.412,-1.19
7.416,-1.19
7.42,-1.195
7.424,-1.19
7.428,-1.195
7.432,-1.195
7.436,-1.195
7.44,-1.195
7.444,-1.205
7.448,-1.21
7.452,-1.215
7.456,-1.22
7.46,-1.23
7.464,-1.225
7.468,-1.225
7.472,-1.23
7.476,-1.23
7.48,-1.245
7.484,-1.245
7.488,-1.255
7.492,-1.26
7.496,-1.255
7.5,-1.255
7.504,-1.26
7.508,-1.26
7.512,-1.26
7.516,-1.265
7.52,-1.265
7.524,-1.27
7.528,-1.275
7.532,-1.275
7.536,-1.28
7.54,-1.285
7.544,-1.29
7.548,-1.3
7.552,-1.295
7.556,-1.295
7.56,-1.29
7.564,-1.29
7.568,-1.3
7.572,-1.3
7.576,-1.3
7.58,-1.3
7.584,-1.3
7.588,-1.3
7.592,-1.3
7.596,-1.3
7.6,-1.3
7.604,-1.3
7.608,-1.3
7.612,-1.3
7.616,-1.305
7.62,-1.3
7.624,-1.3
7.628,-1.295
7.632,-1.3
7.636,-1.3
7.64,-1.3
7.644,-1.3
7.648,-1.3
7.652,-1.3
7.656,-1.3
7.66,-1.3
7.664,-1.3
7.668,-1.3
7.672,-1.3
7.676,-1.3
7.68,-1.3
7.684,-1.3
7.688,-1.3
7.692,-1.3
7.696,-1.3
7.7,-1.3
7.704,-1.3
7.708,-1.3
7.712,-1.3
7.716,-1.315
7.72,-1.3
7.724,-1.3
7.728,-1.3
7.732,-1.31
7.736,-1.32
7.74,-1.31
7.744,-1.3
7.748,-1.3
7.752,-1.3
7.756,-1.315
7.76,-1.3
7.764,-1.3
7.768,-1.3
7.772,-1.31
7.776,-1.3
7.78,-1.3
7.784,-1.3
7.788,-1.3
7.792,-1.3
7.796,-1.31
7.8,-1.3
7.804,-1.3
7.808,-1.3
7.812,-1.3
7.816,-1.31
7.82,-1.3
7.824,-1.315
7.828,-1.31
7.832,-1.305
7.836,-1.3
7.84,-1.3
7.844,-1.315
7.848,-1.3
7.852,-1.3
7.856,-1.3
7.86,-1.32
7.864,-1.315
7.868,-1.315
7.872,-1.3
7.876,-1.3
7.88,-1.3
7.884,-1.31
7.888,-1.315
7.892,-1.305
7.896,-1.315
7.9,-1.3
7.904,-1.32
7.908,-1.315
7.912,-1.305
7.916,-1.305
7.92,-1.3
7.924,-1.315
7.928,-1.3
7.932,-1.3
7.936,-1.3
7.94,-1.3
7.944,-1.305
7.948,-1.3
7.952,-1.3
7.956,-1.3
7.96,-1.28
7.964,-1.265
7.968,-1.26
7.972,-1.26
7.976,-1.255
7.98,-1.255
7.984,-1.245
7.988,-1.245
7.992,-1.245
7.996,-1.245
8,-1.245
8.004,-1.245
8.008,-1.245
8.012,-1.255
8.016,-1.255
8.02,-1.255
8.024,-1.255
8.028,-1.255
8.032,-1.26
8.036,-1.26
8.04,-1.28
8.044,-1.29
8.048,-1.285
8.052,-1.28
8.056,-1.3
8.06,-1.3
8.064,-1.315
8.068,-1.315
8.072,-1.335
8.076,-1.32
8.08,-1.32
8.084,-1.315
8.088,-1.325
8.092,-1.34
8.096,-1.32
8.1,-1.32
8.104,-1.325
8.108,-1.32
8.112,-1.32
8.116,-1.315
8.12,-1.325
8.124,-1.315
8.128,-1.315
8.132,-1.32
8.136,-1.315
8.14,-1.335
8.144,-1.36
8.148,-1.39
8.152,-1.37
8.156,-1.275
8.16,-1.08
8.164,-0.825
8.168,-0.51
8.172,-0.225
8.176,-0.05
8.18,-0.065
8.184,-0.235
8.188,-0.47
8.192,-0.68
8.196,-0.805
8.2,-0.84
8.204,-0.865
8.208,-0.93
8.212,-1.02
8.216,-1.11
8.22,-1.19
8.224,-1.23
8.228,-1.26
8.232,-1.265
8.236,-1.28
8.24,-1.315
8.244,-1.305
8.248,-1.31
8.252,-1.31
8.256,-1.315
8.26,-1.335
8.264,-1.325
8.268,-1.315
8.272,-1.315
8.276,-1.315
8.28,-1.325
8.284,-1.32
8.288,-1.32
8.292,-1.32
8.296,-1.315
8.3,-1.32
8.304,-1.315
8.308,-1.32
8.312,-1.325
8.316,-1.32
8.32,-1.32
8.324,-1.32
8.328,-1.325
8.332,-1.315
8.336,-1.315
8.34,-1.32
8.344,-1.325
8.348,-1.32
8.352,-1.325
8.356,-1.315
8.36,-1.315
8.364,-1.315
8.368,-1.33
8.372,-1.315
8.376,-1.325
8.38,-1.315
8.384,-1.315
8.388,-1.315
8.392,-1.315
8.396,-1.31
8.4,-1.3
8.404,-1.3
8.408,-1.3
8.412,-1.3
8.416,-1.3
8.42,-1.295
8.424,-1.29
8.428,-1.3
8.432,-1.28
8.436,-1.28
8.44,-1.28
8.444,-1.275
8.448,-1.28
8.452,-1.26
8.456,-1.26
8.46,-1.26
8.464,-1.255
8.468,-1.245
8.472,-1.255
8.476,-1.24
8.48,-1.23
8.484,-1.23
8.488,-1.225
8.492,-1.225
8.496,-1.22
8.5,-1.22
8.504,-1.22
8.508,-1.21
8.512,-1.21
8.516,-1.2
8.52,-1.205
8.524,-1.195
8.528,-1.195
8.532,-1.195
8.536,-1.195
8.54,-1.21
8.544,-1.21
8.548,-1.22
8.552,-1.22
8.556,-1.22
8.56,-1.225
8.564,-1.23
8.568,-1.23
8.572,-1.23
8.576,-1.23
8.58,-1.25
8.584,-1.245
8.588,-1.255
8.592,-1.26
8.596,-1.275
8.6,-1.26
8.604,-1.26
8.608,-1.265
8.612,-1.265
8.616,-1.29
8.62,-1.28
8.624,-1.28
8.628,-1.285
8.632,-1.28
8.636,-1.29
8.64,-1.285
8.644,-1.29
8.648,-1.29
8.652,-1.3
8.656,-1.3
8.66,-1.295
8.664,-1.295
8.668,-1.29
8.672,-1.3
8.676,-1.3
8.68,-1.3
8.684,-1.3
8.688,-1.3
8.692,-1.3
8.696,-1.3
8.7,-1.305
8.704,-1.3
8.708,-1.3
8.712,-1.3
8.716,-1.3
8.72,-1.3
8.724,-1.3
8.728,-1.3
8.732,-1.3
8.736,-1.3
8.74,-1.3
8.744,-1.3
8.748,-1.3
8.752,-1.3
8.756,-1.3
8.76,-1.3
8.764,-1.3
8.768,-1.3
8.772,-1.3
8.776,-1.3
8.78,-1.3
8.784,-1.315
8.788,-1.295
8.792,-1.3
8.796,-1.3
8.8,-1.3
8.804,-1.305
8.808,-1.305
8.812,-1.3
8.816,-1.3
8.82,-1.3
8.824,-1.3
8.828,-1.3
8.832,-1.3
8.836,-1.3
8.84,-1.3
8.844,-1.3
8.848,-1.3
8.852,-1.295
8.856,-1.29
8.86,-1.3
8.864,-1.3
8.868,-1.3
8.872,-1.3
8.876,-1.29
8.88,-1.29
8.884,-1.295
8.888,-1.29
8.892,-1.3
8.896,-1.3
8.9,-1.3
8.904,-1.3
8.908,-1.3
8.912,-1.3
8.916,-1.3
8.92,-1.3
8.924,-1.295
8.928,-1.3
8.932,-1.29
8.936,-1.29
8.94,-1.29
8.944,-1.285
8.948,-1.295
8.952,-1.3
8.956,-1.29
8.96,-1.295
8.964,-1.295
8.968,-1.29
8.972,-1.3
8.976,-1.285
8.98,-1.285
8.984,-1.285
8.988,-1.29
8.992,-1.29
8.996,-1.295
9,-1.285
9.004,-1.28
9.008,-1.285
9.012,-1.295
9.016,-1.29
9.02,-1.29
9.024,-1.29
9.028,-1.295
9.032,-1.28
9.036,-1.285
9.04,-1.28
9.044,-1.29
9.048,-1.29
9.052,-1.28
9.056,-1.28
9.06,-1.28
9.064,-1.265
9.068,-1.255
9.072,-1.255
9.076,-1.245
9.08,-1.24
9.084,-1.23
9.088,-1.225
9.092,-1.22
9.096,-1.22
9.1,-1.22
9.104,-1.225
9.108,-1.23
9.112,-1.225
9.116,-1.225
9.12,-1.195
9.124,-1.225
9.128,-1.225
9.132,-1.23
9.136,-1.23
9.14,-1.225
9.144,-1.255
9.148,-1.255
9.152,-1.265
9.156,-1.265
9.16,-1.26
9.164,-1.26
9.168,-1.285
9.172,-1.295
9.176,-1.3
9.18,-1.305
9.184,-1.3
9.188,-1.3
9.192,-1.3
9.196,-1.3
9.2,-1.3
9.204,-1.3
9.208,-1.3
9.212,-1.3
9.216,-1.3
9.22,-1.3
9.224,-1.3
9.228,-1.3
9.232,-1.3
9.236,-1.295
9.24,-1.29
9.244,-1.29
9.248,-1.32
9.252,-1.335
9.256,-1.365
9.26,-1.335
9.264,-1.22
9.268,-1.01
9.272,-0.72
9.276,-0.43
9.28,-0.175
9.284,-0.065
9.288,-0.12
9.292,-0.325
9.296,-0.555
9.3,-0.735
9.304,-0.83
9.308,-0.84
9.312,-0.885
9.316,-0.945
9.32,-1.04
9.324,-1.115
9.328,-1.175
9.332,-1.22
9.336,-1.23
9.34,-1.255
9.344,-1.26
9.348,-1.28
9.352,-1.29
9.356,-1.29
9.36,-1.295
9.364,-1.295
9.368,-1.295
9.372,-1.29
9.376,-1.3
9.38,-1.3
9.384,-1.3
9.388,-1.3
9.392,-1.305
9.396,-1.3
9.4,-1.3
9.404,-1.3
9.408,-1.3
9.412,-1.305
9.416,-1.3
9.42,-1.305
9.424,-1.3
9.428,-1.3
9.432,-1.3
9.436,-1.3
9.44,-1.3
9.444,-1.3
9.448,-1.3
9.452,-1.3
9.456,-1.3
9.46,-1.305
9.464,-1.3
9.468,-1.29
9.472,-1.3
9.476,-1.32
9.48,-1.3
9.484,-1.295
9.488,-1.295
9.492,-1.3
9.496,-1.3
9.5,-1.3
9.504,-1.3
9.508,-1.295
9.512,-1.29
9.516,-1.29
9.52,-1.285
9.524,-1.285
9.528,-1.28
9.532,-1.28
9.536,-1.28
9.54,-1.265
9.544,-1.26
9.548,-1.27
9.552,-1.26
9.556,-1.25
9.56,-1.25
9.564,-1.25
9.568,-1.255
9.572,-1.25
9.576,-1.23
9.58,-1.225
9.584,-1.22
9.588,-1.22
9.592,-1.215
9.596,-1.21
9.6,-1.205
9.604,-1.2
9.608,-1.195
9.612,-1.195
9.616,-1.19
9.62,-1.18
9.624,-1.19
9.628,-1.19
9.632,-1.18
9.636,-1.185
9.64,-1.18
9.644,-1.165
9.648,-1.185
9.652,-1.18
9.656,-1.195
9.66,-1.2
9.664,-1.18
9.668,-1.2
9.672,-1.195
9.676,-1.21
9.68,-1.21
9.684,-1.215
9.688,-1.22
9.692,-1.225
9.696,-1.23
9.7,-1.23
9.704,-1.225
9.708,-1.23
9.712,-1.24
9.716,-1.25
9.72,-1.255
9.724,-1.255
9.728,-1.26
9.732,-1.255
9.736,-1.26
9.74,-1.255
9.744,-1.255
9.748,-1.26
9.752,-1.265
9.756,-1.265
9.76,-1.26
9.764,-1.27
9.768,-1.265
9.772,-1.28
9.776,-1.28
9.78,-1.285
9.784,-1.265
9.788,-1.265
9.792,-1.265
9.796,-1.265
9.8,-1.28
9.804,-1.275
9.808,-1.28
9.812,-1.28
9.816,-1.28
9.82,-1.275
9.824,-1.265
9.828,-1.275
9.832,-1.29
9.836,-1.265
9.84,-1.275
9.844,-1.27
9.848,-1.265
9.852,-1.29
9.856,-1.265
9.86,-1.28
9.864,-1.265
9.868,-1.265
9.872,-1.28
9.876,-1.265
9.88,-1.265
9.884,-1.265
9.888,-1.27
9.892,-1.265
9.896,-1.265
9.9,-1.265
9.904,-1.28
9.908,-1.275
9.912,-1.265
9.916,-1.265
9.92,-1.265
9.924,-1.28
9.928,-1.28
9.932,-1.285
9.936,-1.29
9.94,-1.285
9.944,-1.28
9.948,-1.275
9.952,-1.265
9.956,-1.28
9.96,-1.28
9.964,-1.29
9.968,-1.29
9.972,-1.285
9.976,-1.27
9.98,-1.265
9.984,-1.265
9.988,-1.27
9.992,-1.265
9.996,-1.28
